CHROM,POS,REF,ALT,count,Source,SampleID,Clinbed_GeneName,AF,DP,VSS2_score,VSS2_classification,Note
chr1,155205008,C,G,40,mask_vss2,24040689;24070689;24101157;24120004;24120997;25010173;25010462;25010468;25020164;25020585;25020662;25020663;25030728;25040256;25040538;25040542;25041004;25050479;25050480;25050547;25050694;25050761;25060188;25060611;25060614;25060716;25060971;25060974;25061091;25061094;25061171;25070008;25070011;25070085;25070088;25070142;25070145;25070171;25070208;25070211,"GBA1,GBA",0.402;0.436;0.446;0.451;0.502;0.437;0.435;0.512;0.425;0.447;0.484;0.506;0.529;0.44;0.491;0.446;0.398;0.504;0.493;0.506;0.483;0.516;0.476;0.493;0.484;0.466;0.526;0.563;0.514;0.564;0.436;0.599;0.528;0.528;0.488;0.468;0.486;0.484;0.427;0.466,104;110;107;111;111;112;113;97;108;122;151;155;111;110;91;90;101;129;106;105;112;108;90;116;134;129;99;106;128;80;115;108;119;121;117;100;97;124;117;90,5,LikelyPathogenic,
chr1,155205043,A,G,40,mask_vss2,24040689;24070689;24101157;24120004;24120997;25010173;25010462;25010468;25020164;25020585;25020662;25020663;25030728;25040256;25040538;25040542;25041004;25050479;25050480;25050547;25050694;25050761;25060188;25060611;25060614;25060716;25060971;25060974;25061091;25061094;25061171;25070008;25070011;25070085;25070088;25070142;25070145;25070171;25070208;25070211,"GBA1,GBA",0.452;0.416;0.448;0.385;0.549;0.448;0.457;0.536;0.411;0.395;0.517;0.542;0.595;0.507;0.494;0.461;0.42;0.505;0.511;0.529;0.474;0.524;0.478;0.535;0.481;0.457;0.534;0.532;0.54;0.622;0.429;0.553;0.51;0.584;0.473;0.418;0.517;0.487;0.482;0.433,89;85;92;110;111;97;103;86;96;110;116;131;108;83;101;72;101;118;90;76;91;99;84;86;125;118;97;92;106;72;98;93;97;95;102;86;93;101;104;84,9,LikelyPathogenic,
chr1,155205518,C,G,40,mask_vss2,24040689;24070689;24101157;24120004;24120997;25010173;25010462;25010468;25020164;25020585;25020662;25020663;25030728;25040256;25040538;25040542;25041004;25050479;25050480;25050547;25050694;25050761;25060188;25060611;25060614;25060716;25060971;25060974;25061091;25061094;25061171;25070008;25070011;25070085;25070088;25070142;25070145;25070171;25070208;25070211,"GBA1,GBA",0.273;0.334;0.328;0.359;0.29;0.292;0.252;0.303;0.284;0.334;0.289;0.261;0.256;0.288;0.258;0.251;0.232;0.332;0.294;0.313;0.422;0.262;0.242;0.33;0.245;0.343;0.24;0.339;0.203;0.328;0.321;0.276;0.331;0.308;0.316;0.203;0.289;0.307;0.258;0.275,111;112;111;101;112;101;78;104;118;118;140;144;154;112;104;118;101;113;131;126;95;71;106;119;121;126;94;96;105;114;101;131;119;125;106;97;92;92;107;114,7,LikelyPathogenic,
chr1,155206036,C,T,40,mask_vss2,24040689;24070689;24101157;24120004;24120997;25010173;25010462;25010468;25020164;25020585;25020662;25020663;25030728;25040256;25040538;25040542;25041004;25050479;25050480;25050547;25050694;25050761;25060188;25060611;25060614;25060716;25060971;25060974;25061091;25061094;25061171;25070008;25070011;25070085;25070088;25070142;25070145;25070171;25070208;25070211,"GBA1,GBA",0.363;0.506;0.514;0.43;0.517;0.473;0.47;0.505;0.366;0.481;0.509;0.455;0.468;0.406;0.514;0.38;0.51;0.5;0.553;0.551;0.528;0.42;0.449;0.508;0.444;0.444;0.622;0.437;0.43;0.429;0.426;0.44;0.518;0.456;0.438;0.511;0.571;0.536;0.358;0.39,66;79;99;75;85;72;68;75;91;98;108;106;88;87;84;82;87;86;76;87;74;84;87;100;101;104;84;90;79;84;73;82;89;86;80;63;68;82;64;86,8,LikelyPathogenic,
chr1,155206157,C,T,40,mask_vss2,24040689;24070689;24101157;24120004;24120997;25010173;25010462;25010468;25020164;25020585;25020662;25020663;25030728;25040256;25040538;25040542;25041004;25050479;25050480;25050547;25050694;25050761;25060188;25060611;25060614;25060716;25060971;25060974;25061091;25061094;25061171;25070008;25070011;25070085;25070088;25070142;25070145;25070171;25070208;25070211,"GBA1,GBA",0.462;0.47;0.461;0.5;0.443;0.411;0.456;0.563;0.396;0.514;0.491;0.463;0.456;0.461;0.531;0.397;0.494;0.528;0.467;0.434;0.472;0.344;0.403;0.426;0.528;0.502;0.462;0.427;0.483;0.484;0.56;0.457;0.524;0.437;0.467;0.494;0.488;0.549;0.496;0.527,107;130;119;101;126;119;102;95;157;138;160;164;161;116;108;111;139;124;128;106;131;109;117;129;166;120;136;104;119;122;113;118;138;128;147;109;130;121;115;104,5,LikelyPathogenic,
chr1,155206170,C,T,40,mask_vss2,24040689;24070689;24101157;24120004;24120997;25010173;25010462;25010468;25020164;25020585;25020662;25020663;25030728;25040256;25040538;25040542;25041004;25050479;25050480;25050547;25050694;25050761;25060188;25060611;25060614;25060716;25060971;25060974;25061091;25061094;25061171;25070008;25070011;25070085;25070088;25070142;25070145;25070171;25070208;25070211,"GBA1,GBA",0.482;0.455;0.481;0.489;0.428;0.409;0.477;0.561;0.41;0.504;0.473;0.476;0.473;0.442;0.543;0.42;0.475;0.502;0.443;0.394;0.474;0.351;0.436;0.406;0.498;0.48;0.438;0.438;0.522;0.449;0.589;0.468;0.526;0.438;0.449;0.502;0.491;0.547;0.487;0.548,105;134;120;106;128;127;109;90;158;141;160;164;163;115;104;114;134;125;132;107;131;118;122;130;169;113;133;103;113;116;115;111;144;132;138;100;128;124;113;104,7,LikelyPathogenic,
chr1,155207203,T,C,40,mask_vss2,24040689;24070689;24101157;24120004;24120997;25010173;25010462;25010468;25020164;25020585;25020662;25020663;25030728;25040256;25040538;25040542;25041004;25050479;25050480;25050547;25050694;25050761;25060188;25060611;25060614;25060716;25060971;25060974;25061091;25061094;25061171;25070008;25070011;25070085;25070088;25070142;25070145;25070171;25070208;25070211,"GBA1,GBA",0.484;0.49;0.468;0.49;0.484;0.45;0.489;0.404;0.444;0.489;0.457;0.479;0.447;0.458;0.43;0.523;0.533;0.526;0.521;0.524;0.361;0.424;0.452;0.516;0.486;0.507;0.48;0.457;0.554;0.555;0.48;0.421;0.418;0.479;0.497;0.523;0.455;0.444;0.453;0.474,124;149;139;149;153;127;133;124;176;168;206;144;197;175;156;126;139;154;163;166;153;137;162;153;214;148;148;173;155;135;150;138;139;146;171;136;143;142;146;133,9,LikelyPathogenic,
chr1,155207932,A,T,40,mask_vss2,24040689;24070689;24101157;24120004;24120997;25010173;25010462;25010468;25020164;25020585;25020662;25020663;25030728;25040256;25040538;25040542;25041004;25050479;25050480;25050547;25050694;25050761;25060188;25060611;25060614;25060716;25060971;25060974;25061091;25061094;25061171;25070008;25070011;25070085;25070088;25070142;25070145;25070171;25070208;25070211,"GBA1,GBA",0.427;0.38;0.577;0.542;0.541;0.503;0.532;0.374;0.518;0.548;0.48;0.398;0.418;0.573;0.432;0.521;0.364;0.51;0.416;0.465;0.515;0.444;0.434;0.53;0.491;0.408;0.412;0.485;0.545;0.441;0.581;0.53;0.364;0.331;0.492;0.456;0.324;0.384;0.447;0.558,78;80;66;72;50;68;59;70;84;79;96;111;87;77;60;71;64;81;73;67;54;58;74;60;86;65;61;68;68;50;57;66;75;71;73;57;78;69;70;50,9,LikelyPathogenic,
chr1,155207965,C,T,40,mask_vss2,24040689;24070689;24101157;24120004;24120997;25010173;25010462;25010468;25020164;25020585;25020662;25020663;25030728;25040256;25040538;25040542;25041004;25050479;25050480;25050547;25050694;25050761;25060188;25060611;25060614;25060716;25060971;25060974;25061091;25061094;25061171;25070008;25070011;25070085;25070088;25070142;25070145;25070171;25070208;25070211,"GBA1,GBA",0.391;0.421;0.538;0.517;0.45;0.507;0.514;0.354;0.454;0.563;0.494;0.434;0.438;0.571;0.443;0.537;0.417;0.509;0.392;0.486;0.397;0.5;0.426;0.556;0.474;0.485;0.432;0.513;0.544;0.374;0.543;0.459;0.303;0.336;0.443;0.524;0.344;0.408;0.372;0.48,80;94;80;69;64;69;70;80;97;94;101;127;87;79;57;78;67;90;80;64;61;64;66;65;99;78;63;74;77;65;66;72;94;86;73;80;84;78;76;54,9,LikelyPathogenic,
chr1,155207983,A,G,40,mask_vss2,24040689;24070689;24101157;24120004;24120997;25010173;25010462;25010468;25020164;25020585;25020662;25020663;25030728;25040256;25040538;25040542;25041004;25050479;25050480;25050547;25050694;25050761;25060188;25060611;25060614;25060716;25060971;25060974;25061091;25061094;25061171;25070008;25070011;25070085;25070088;25070142;25070145;25070171;25070208;25070211,"GBA1,GBA",0.414;0.439;0.503;0.466;0.439;0.499;0.51;0.329;0.422;0.579;0.431;0.449;0.452;0.556;0.422;0.529;0.452;0.551;0.413;0.474;0.388;0.478;0.447;0.535;0.483;0.474;0.396;0.497;0.56;0.38;0.533;0.456;0.295;0.347;0.388;0.492;0.309;0.383;0.358;0.524,71;90;83;65;63;70;68;78;96;92;110;129;83;75;60;78;67;94;81;66;60;62;63;61;97;80;64;75;78;67;72;75;93;88;73;82;85;80;71;54,7,LikelyPathogenic,
chr1,155207997,A,C,40,mask_vss2,24040689;24070689;24101157;24120004;24120997;25010173;25010462;25010468;25020164;25020585;25020662;25020663;25030728;25040256;25040538;25040542;25041004;25050479;25050480;25050547;25050694;25050761;25060188;25060611;25060614;25060716;25060971;25060974;25061091;25061094;25061171;25070008;25070011;25070085;25070088;25070142;25070145;25070171;25070208;25070211,"GBA1,GBA",0.412;0.454;0.494;0.447;0.445;0.472;0.515;0.318;0.407;0.546;0.428;0.442;0.501;0.515;0.382;0.504;0.525;0.563;0.417;0.464;0.356;0.419;0.497;0.5;0.523;0.488;0.429;0.516;0.526;0.388;0.551;0.434;0.269;0.339;0.398;0.488;0.345;0.4;0.326;0.522,66;93;83;65;68;70;64;80;94;95;108;127;74;66;53;76;63;94;75;67;57;60;65;56;93;82;59;74;80;68;69;72;102;87;71;80;82;83;69;52,7,LikelyPathogenic,
chr1,155208005,AT,CC,33,mask_vss2,24040689;24070689;24101157;24120004;24120997;25010173;25010462;25010468;25020164;25020585;25020663;25030728;25040256;25040538;25040542;25041004;25050479;25050480;25050547;25050761;25060188;25060611;25060716;25060971;25060974;25061091;25061094;25061171;25070008;25070085;25070142;25070145;25070171,"GBA1,GBA",0.403;0.475;0.274;0.446;0.416;0.466;0.493;0.277;0.384;0.526;0.2;0.501;0.515;0.393;0.521;0.502;0.526;0.201;0.464;0.396;0.44;0.209;0.217;0.209;0.298;0.532;0.387;0.362;0.2;0.346;0.5;0.349;0.391,65;91;79;63;68;71;65;81;97;95;124;76;64;54;75;60;91;75;67;56;62;52;80;59;76;77;68;65;66;85;82;81;85,6,LikelyPathogenic,
chr1,155208005,AT,CT,11,mask_vss2,24101157;25020662;25020663;25050480;25050694;25060611;25060614;25060716;25060971;25070008;25070088,"GBA1,GBA",0.224;0.282;0.224;0.208;0.224;0.261;0.332;0.256;0.219;0.231;0.227,79;108;124;75;52;52;90;80;59;66;65,7,LikelyPathogenic,
chr1,155208019,A,G,14,mask_vss2,24120997;25010462;25020662;25020663;25050480;25050694;25060611;25060614;25060716;25060971;25070008;25070088;25070208;25070211,"GBA1,GBA",0.299;0.232;0.241;0.224;0.227;0.213;0.258;0.339;0.237;0.24;0.2;0.221;0.217;0.429,62;63;102;126;73;50;52;87;83;61;68;66;72;47,9,LikelyPathogenic,
chr1,155208421,G,A,39,mask_vss2,24040689;24070689;24101157;24120004;24120997;25010173;25010462;25010468;25020164;25020585;25020662;25020663;25030728;25040256;25040538;25040542;25041004;25050479;25050480;25050547;25050694;25050761;25060188;25060611;25060614;25060971;25060974;25061091;25061094;25061171;25070008;25070011;25070085;25070088;25070142;25070145;25070171;25070208;25070211,"GBA1,GBA",0.471;0.384;0.454;0.306;0.362;0.561;0.58;0.5;0.28;0.596;0.446;0.415;0.406;0.503;0.381;0.543;0.671;0.593;0.589;0.546;0.48;0.222;0.5;0.591;0.469;0.503;0.219;0.375;0.577;0.556;0.316;0.495;0.566;0.512;0.594;0.535;0.461;0.527;0.354,41;42;47;40;42;36;41;22;34;45;54;46;45;30;27;41;40;25;43;33;38;25;36;27;53;32;30;30;44;45;36;38;28;41;30;30;39;36;35,9,LikelyPathogenic,
chr1,155209478,G,C,40,mask_vss2,24040689;24070689;24101157;24120004;24120997;25010173;25010462;25010468;25020164;25020585;25020662;25020663;25030728;25040256;25040538;25040542;25041004;25050479;25050480;25050547;25050694;25050761;25060188;25060611;25060614;25060716;25060971;25060974;25061091;25061094;25061171;25070008;25070011;25070085;25070088;25070142;25070145;25070171;25070208;25070211,"GBA1,GBA",0.3;0.442;0.35;0.3;0.322;0.291;0.284;0.368;0.365;0.311;0.309;0.248;0.342;0.407;0.355;0.37;0.377;0.364;0.397;0.321;0.321;0.308;0.346;0.426;0.306;0.292;0.376;0.314;0.337;0.5;0.315;0.389;0.29;0.436;0.365;0.303;0.337;0.23;0.317;0.275,58;84;61;88;85;84;79;66;113;101;118;99;112;79;74;79;75;97;66;76;76;89;79;99;103;87;86;84;87;74;87;93;98;92;94;97;93;72;80;78,6,LikelyPathogenic,
chr1,155209522,CTTCTG,C,20,mask_vss2,24040689;24070689;25020585;25020663;25030728;25040538;25041004;25050479;25050480;25050694;25050761;25060611;25060614;25070008;25070011;25070085;25070088;25070142;25070145;25070208,"GBA1,GBA",0.366;0.427;0.375;0.316;0.345;0.388;0.426;0.4;0.381;0.353;0.35;0.4;0.375;0.412;0.349;0.375;0.371;0.337;0.402;0.392,69;80;94;115;111;78;85;83;61;83;81;88;94;83;84;102;79;90;85;67,10,Pathogenic,
chr1,155209790,AAG,A,38,mask_vss2,24040689;24070689;24101157;24120004;24120997;25010173;25010462;25010468;25020164;25020585;25020662;25020663;25030728;25040538;25040542;25041004;25050479;25050480;25050547;25050694;25050761;25060188;25060611;25060716;25060971;25060974;25061091;25061094;25061171;25070008;25070011;25070085;25070088;25070142;25070145;25070171;25070208;25070211,"GBA1,GBA",0.394;0.359;0.274;0.453;0.3;0.4;0.328;0.455;0.403;0.265;0.391;0.403;0.348;0.36;0.526;0.231;0.42;0.386;0.5;0.333;0.484;0.509;0.439;0.333;0.371;0.378;0.371;0.478;0.526;0.427;0.254;0.506;0.463;0.492;0.411;0.321;0.453;0.351,69;70;82;73;58;63;59;75;73;81;90;117;87;67;57;63;79;81;86;61;60;53;82;59;68;80;60;44;74;73;57;77;78;61;54;54;51;72,10,Pathogenic,
chr1,155209836,AG,A,37,mask_vss2,24040689;24070689;24101157;24120004;24120997;25010173;25010462;25010468;25020164;25020662;25020663;25030728;25040538;25040542;25041004;25050479;25050480;25050547;25050694;25050761;25060188;25060611;25060614;25060716;25060971;25060974;25061091;25061094;25061171;25070008;25070085;25070088;25070142;25070145;25070171;25070208;25070211,"GBA1,GBA",0.349;0.381;0.244;0.306;0.256;0.355;0.321;0.46;0.326;0.433;0.377;0.264;0.396;0.417;0.3;0.403;0.372;0.5;0.222;0.524;0.395;0.426;0.226;0.25;0.306;0.29;0.428;0.452;0.55;0.423;0.47;0.484;0.488;0.487;0.282;0.452;0.27,44;40;68;47;41;43;48;48;47;58;67;51;51;46;38;65;60;52;43;40;41;59;60;30;47;60;40;29;58;50;64;62;41;37;37;40;46,10,Pathogenic,
chr1,155209865,G,GAC,3,mask_vss2,25030728;25061171;25070088,"GBA1,GBA",0.2;0.553;0.5,33;45;48,10,Pathogenic,
chr1,155210420,C,T,40,mask_vss2,24040689;24070689;24101157;24120004;24120997;25010173;25010462;25010468;25020164;25020585;25020662;25020663;25030728;25040256;25040538;25040542;25041004;25050479;25050480;25050547;25050694;25050761;25060188;25060611;25060614;25060716;25060971;25060974;25061091;25061094;25061171;25070008;25070011;25070085;25070088;25070142;25070145;25070171;25070208;25070211,"GBA1,GBA",0.574;0.507;0.475;0.487;0.503;0.429;0.429;0.521;0.494;0.458;0.521;0.457;0.382;0.515;0.402;0.482;0.492;0.376;0.484;0.523;0.601;0.356;0.481;0.412;0.464;0.466;0.524;0.455;0.455;0.517;0.459;0.42;0.579;0.465;0.464;0.503;0.435;0.471;0.396;0.308,81;76;94;62;73;65;67;62;69;87;110;94;117;77;69;78;85;93;68;76;59;65;62;82;117;83;70;83;86;71;71;92;65;94;94;71;71;53;76;68,11,Pathogenic,
chr16,16295902,G,A,40,mask_vss2,24040689;24070689;24101157;24120004;24120997;25010173;25010462;25010468;25020164;25020585;25020662;25020663;25030728;25040256;25040538;25040542;25041004;25050479;25050480;25050547;25050694;25050761;25060188;25060611;25060614;25060716;25060971;25060974;25061091;25061094;25061171;25070008;25070011;25070085;25070088;25070142;25070145;25070171;25070208;25070211,ABCC6,0.308;0.406;0.337;0.445;0.427;0.404;0.456;0.423;0.684;0.487;0.224;0.436;0.478;0.543;0.562;0.443;0.461;0.455;0.51;0.411;0.511;0.364;0.426;0.529;0.529;0.422;0.506;0.453;0.595;0.305;0.449;0.487;0.408;0.44;0.511;0.535;0.47;0.425;0.378;0.484,63;99;66;77;94;50;88;76;108;113;95;108;105;103;87;84;74;97;94;93;92;58;78;85;121;112;79;104;114;57;94;107;79;89;80;125;81;78;88;87,13,Pathogenic,
chr16,16315528,G,GA,38,mask_vss2,24040689;24070689;24101157;24120004;24120997;25010173;25010462;25010468;25020164;25020585;25020662;25020663;25030728;25040256;25040538;25040542;25041004;25050479;25050480;25050547;25050694;25060188;25060611;25060614;25060716;25060971;25060974;25061091;25061171;25070008;25070011;25070085;25070088;25070142;25070145;25070171;25070208;25070211,ABCC6,0.25;0.247;0.239;0.281;0.307;0.315;0.271;0.318;0.317;0.408;0.233;0.352;0.263;0.29;0.274;0.333;0.306;0.352;0.215;0.374;0.271;0.319;0.312;0.325;0.257;0.303;0.298;0.391;0.303;0.33;0.315;0.326;0.262;0.407;0.311;0.33;0.362;0.288,58;99;86;105;76;68;90;89;99;152;105;143;131;100;93;79;99;123;91;89;101;92;94;124;111;97;85;103;97;110;106;114;116;116;104;86;106;95,13,Pathogenic,
chr6,32006909,GGAGACTAC,G,14,mask_vss2,24120997;25010173;25020585;25050479;25050480;25050547;25050694;25050761;25060611;25060614;25060971;25070011;25070171;25070208,CYP21A2,0.373;0.393;0.329;0.244;0.373;0.208;0.224;0.316;0.264;0.411;0.359;0.407;0.347;0.345,78;54;71;84;78;46;47;50;51;93;62;84;73;53,10,Pathogenic,
chr6,32007584,T,A,29,mask_vss2,24101157;24120997;25010173;25010462;25020164;25020585;25020662;25030728;25040542;25041004;25050480;25050547;25050694;25050761;25060188;25060611;25060614;25060716;25060971;25060974;25061091;25061094;25070008;25070011;25070085;25070142;25070145;25070171;25070208,CYP21A2,0.585;0.452;0.452;0.397;0.735;0.387;0.495;0.308;0.259;0.458;0.389;0.278;0.282;0.369;0.552;0.346;0.445;0.632;0.359;0.4;0.469;0.54;0.342;0.463;0.435;0.346;0.412;0.406;0.409,121;71;82;66;164;91;101;79;56;79;70;52;62;74;103;53;124;74;79;73;79;111;83;76;83;50;66;72;91,5,LikelyPathogenic,
chr6,32007584,TC,AC,5,mask_vss2,24120004;25010468;25020663;25061171;25070211,CYP21A2,0.323;0.288;0.295;0.258;0.244,100;51;140;83;75,5,LikelyPathogenic,
chr6,32007587,T,A,36,mask_vss2,24101157;24120004;24120997;25010173;25010462;25010468;25020164;25020585;25020662;25020663;25030728;25040256;25040542;25041004;25050480;25050547;25050694;25050761;25060188;25060611;25060614;25060716;25060971;25060974;25061091;25061094;25061171;25070008;25070011;25070085;25070088;25070142;25070145;25070171;25070208;25070211,CYP21A2,0.598;0.548;0.45;0.419;0.437;0.436;0.729;0.401;0.477;0.584;0.325;0.359;0.259;0.455;0.415;0.288;0.308;0.4;0.559;0.328;0.456;0.632;0.358;0.411;0.488;0.55;0.428;0.357;0.494;0.455;0.575;0.34;0.448;0.414;0.418;0.571,120;107;73;79;68;53;168;90;101;145;81;76;56;77;72;50;65;80;103;53;123;77;73;73;80;109;87;82;77;86;76;51;67;73;91;82,5,LikelyPathogenic,
chr6,32007782,GA,G,3,mask_vss2,25050761;25060974;25070011,CYP21A2,0.298;0.271;0.325,45;46;38,10,Pathogenic,
chr6,32007959,G,GT,32,mask_vss2,24101157;24120004;25010468;25020164;25020585;25020662;25020663;25030728;25040256;25041004;25050479;25050480;25050694;25050761;25060188;25060611;25060614;25060716;25060971;25060974;25061091;25061094;25061171;25070008;25070011;25070085;25070088;25070142;25070145;25070171;25070208;25070211,CYP21A2,0.448;0.423;0.378;0.615;0.464;0.443;0.612;0.37;0.262;0.325;0.213;0.472;0.257;0.446;0.25;0.328;0.468;0.613;0.58;0.465;0.395;0.586;0.538;0.373;0.417;0.5;0.483;0.499;0.498;0.401;0.381;0.555,74;69;40;103;67;57;85;36;42;41;54;47;21;29;52;39;56;41;41;53;55;72;50;49;37;44;70;26;59;58;67;70,11,Pathogenic,
chr6,32008198,C,T,31,mask_vss2,24120004;24120997;25010173;25010462;25010468;25020585;25020662;25020663;25030728;25040256;25041004;25050480;25050547;25050694;25050761;25060188;25060611;25060614;25060716;25060971;25060974;25061091;25061094;25061171;25070008;25070011;25070085;25070142;25070145;25070171;25070208,CYP21A2,0.372;0.237;0.568;0.517;0.371;0.44;0.471;0.416;0.438;0.39;0.297;0.289;0.383;0.222;0.593;0.664;0.386;0.206;0.567;0.456;0.514;0.565;0.561;0.492;0.437;0.528;0.536;0.302;0.358;0.456;0.4,78;59;49;40;35;68;76;101;52;62;52;63;42;43;57;67;42;81;56;55;56;56;73;50;52;59;65;51;45;67;58,9,LikelyPathogenic,
chr6,32008312,C,T,29,mask_vss2,24101157;24120997;25010173;25010462;25010468;25020164;25020585;25020662;25030728;25040256;25040542;25041004;25050479;25050480;25050547;25050694;25060188;25060611;25060614;25060716;25060974;25061091;25061171;25070008;25070085;25070145;25070171;25070208;25070211,CYP21A2,0.717;0.532;0.278;0.431;0.214;0.51;0.293;0.329;0.288;0.249;0.414;0.462;0.256;0.479;0.364;0.257;0.559;0.369;0.473;0.582;0.289;0.488;0.264;0.204;0.484;0.421;0.53;0.287;0.231,177;100;98;95;72;265;110;131;79;115;79;101;103;103;70;69;106;83;153;85;107;104;94;82;103;101;96;112;120,7,LikelyPathogenic,
chr6,32008873,CG,C,13,mask_vss2,25020585;25020662;25030728;25041004;25050694;25060611;25060614;25060716;25061091;25070008;25070011;25070142;25070171,CYP21A2,0.28;0.441;0.319;0.448;0.209;0.244;0.519;0.547;0.3;0.25;0.213;0.209;0.429,48;66;45;56;41;43;52;51;48;54;59;41;47,10,Pathogenic,
chr6,32009900,C,T,3,mask_vss2,25050761;25060974;25070011,TNXB,0.221;0.211;0.254,131;155;148,6,LikelyPathogenic,
chr6,32010126,C,T,34,mask_vss2,24101157;24120004;24120997;25010173;25010462;25010468;25020164;25020585;25020662;25020663;25030728;25040256;25040542;25041004;25050480;25050694;25050761;25060188;25060611;25060614;25060716;25060971;25060974;25061091;25061094;25061171;25070008;25070011;25070085;25070088;25070142;25070145;25070171;25070211,TNXB,0.666;0.623;0.488;0.552;0.545;0.451;0.68;0.504;0.499;0.7;0.25;0.473;0.275;0.5;0.503;0.228;0.438;0.559;0.372;0.463;0.625;0.467;0.515;0.551;0.563;0.435;0.272;0.512;0.475;0.631;0.355;0.451;0.448;0.584,216;176;132;126;123;99;301;166;173;277;123;152;93;135;149;106;124;157;107;177;108;142;146;139;189;136;131;139;156;190;94;135;129;187,5,LikelyPathogenic,
chr6,32010227,C,T,19,mask_vss2,25020585;25020662;25030728;25041004;25050480;25050694;25050761;25060188;25060611;25060614;25060716;25060974;25061091;25070008;25070011;25070142;25070145;25070171;25070208,TNXB,0.244;0.422;0.279;0.447;0.299;0.418;0.678;0.239;0.319;0.446;0.526;0.475;0.238;0.224;0.757;0.282;0.226;0.348;0.225,136;116;97;98;117;79;88;110;91;143;79;117;100;95;130;69;85;101;92,8,LikelyPathogenic,
chr6,32010262,G,C,27,mask_vss2,24101157;24120997;25010173;25010462;25020164;25020585;25020662;25030728;25040542;25041004;25050479;25050480;25050694;25060188;25060611;25060614;25060716;25061091;25061171;25070008;25070011;25070085;25070142;25070145;25070171;25070208;25070211,TNXB,0.594;0.452;0.265;0.518;0.455;0.236;0.412;0.352;0.273;0.511;0.219;0.481;0.513;0.602;0.318;0.445;0.526;0.434;0.243;0.443;0.255;0.439;0.205;0.41;0.404;0.469;0.222,165;82;64;81;162;121;102;77;63;84;103;104;68;96;76;124;76;95;101;77;108;105;58;88;97;98;93,5,LikelyPathogenic,
chr1,155209491,T,C,,,,"GBA1,GBA",,,,,VSS2.2_add
chr1,155209765,A,T,,,,"GBA1,GBA",,,,,VSS2.2_add
chr6,32007203,T,A,,,,CYP21A2,,,,,VSS2.2_add
chr6,32006387,A,T,,,,CYP21A2,,,,,VSS2.2_add
chr6,32007887,G,T,,,,CYP21A2,,,,,VSS2.2_add
chr6,32009879,C,T,,,,TNXB,,,,,VSS2.2_add
chr16,16313512,C,T,,,,ABCC6,,,,,VSS2.2_add
chr16,16313792,C,T,,,,ABCC6,,,,,VSS2.2_add
chr16,16315534,C,T,,,,ABCC6,,,,,VSS2.2_add
chr1,155208005,A,C,,,,"GBA1,GBA",,,,,VSS2.3_add
chr1,155208006,T,C,,,,"GBA1,GBA",,,,,VSS2.3_add
chr1,155209709,A,ATG,,,,"GBA1,GBA",,,,,VSS2.3_add
chr1,155209725,G,A,,,,"GBA1,GBA",,,,,VSS2.3_add
